complexity,loss,equation,score,sympy_format,lambda_format
1,33.302017,x768,0.0,x768,PySRFunction(X=>x768)
3,32.51857,x768 - x699,0.01190332747480175,-x699 + x768,PySRFunction(X=>-x699 + x768)
5,31.616163,(x259 - x699) * 2.8931286,0.014071416801733093,(x259 - x699)*2.8931286,PySRFunction(X=>(x259 - x699)*2.8931286)
6,31.533617,square(x768 + x259) - x699,0.0026142940486447363,-x699 + (x259 + x768)**2,PySRFunction(X=>-x699 + (x259 + x768)**2)
7,30.877121,((x259 - x699) * 2.767023) + x768,0.02103869417600149,x768 + (x259 - x699)*2.767023,PySRFunction(X=>x768 + (x259 - x699)*2.767023)
9,30.21453,((x768 + (x259 + -0.49907878)) - x699) * 2.380518,0.010846277220105964,(x259 - x699 + x768 - 0.49907878)*2.380518,PySRFunction(X=>(x259 - x699 + x768 - 0.49907878)*2.380518)
10,30.190117,-1.3141763 + (2.5433908 * (abs(x768) + (x259 - x699))),0.0008083153380312708,2.5433908*(x259 - x699 + Abs(x768)) - 1.3141763,PySRFunction(X=>2.5433908*(x259 - x699 + Abs(x768)) - 1.3141763)
11,30.130497,-1.3141763 + (2.5433908 * (x768 + ((x259 + x251) - x699))),0.0019767709730003124,2.5433908*(x251 + x259 - x699 + x768) - 1.3141763,PySRFunction(X=>2.5433908*(x251 + x259 - x699 + x768) - 1.3141763)
13,30.116673,(x351 + -1.2147709) + (2.5433908 * ((x259 + (x251 - x699)) + x768)),0.00022945476513847832,x351 + 2.5433908*(x251 + x259 - x699 + x768) - 1.2147709,PySRFunction(X=>x351 + 2.5433908*(x251 + x259 - x699 + x768) - 1.2147709)
14,30.064629,(-1.3141763 + (2.5433908 * (abs(x768) + ((x259 + x251) - x699)))) - x576,0.0017295741781663532,-x576 + 2.5433908*(x251 + x259 - x699 + Abs(x768)) - 1.3141763,PySRFunction(X=>-x576 + 2.5433908*(x251 + x259 - x699 + Abs(x768)) - 1.3141763)
19,29.999603,((x768 + -0.9448933) + ((((x259 + x259) - x699) + (x768 - x699)) - (x685 + x685))) * 1.3381531,0.0004330432487964714,(x259 + x259 - x699 - x699 + x768 + x768 - (x685 + x685) - 0.9448933)*1.3381531,PySRFunction(X=>(x259 + x259 - x699 - x699 + x768 + x768 - (x685 + x685) - 0.9448933)*1.3381531)
21,29.937014,((x768 + -0.9448933) + ((((x259 + (x259 - x692)) - x699) + (x768 - x699)) - (x685 + x685))) * 1.3381531,0.001044253511177943,(x259 + x259 - x692 - x699 - x699 + x768 + x768 - (x685 + x685) - 0.9448933)*1.3381531,PySRFunction(X=>(x259 + x259 - x692 - x699 - x699 + x768 + x768 - (x685 + x685) - 0.9448933)*1.3381531)
23,29.924337,((x768 + -0.9448933) + (((((x259 + (x259 - x692)) - x699) + (x768 - x699)) - (x685 + x685)) * 1.3381531)) + x184,0.00021177270438667463,x184 + x768 + (x259 + x259 - x692 - x699 - x699 + x768 - (x685 + x685))*1.3381531 - 0.9448933,PySRFunction(X=>x184 + x768 + (x259 + x259 - x692 - x699 - x699 + x768 - (x685 + x685))*1.3381531 - 0.9448933)
24,29.897923,(x768 + -0.9448933) + ((((((x259 + ((x259 - x692) - x29)) - x699) + x768) - x699) - (x685 + abs(x685))) * 1.3381531),0.0008830827092305755,x768 + (x259 + x259 - x29 - x692 - x699 - x699 + x768 - (x685 + Abs(x685)))*1.3381531 - 0.9448933,PySRFunction(X=>x768 + (x259 + x259 - x29 - x692 - x699 - x699 + x768 - (x685 + Abs(x685)))*1.3381531 - 0.9448933)
26,29.847301,((x768 + -0.9448933) + (1.3381531 * (((((x259 + ((x259 - x692) - abs(x327))) - x699) + x768) - x699) - (x685 + x685)))) - x411,0.0008472980553906214,-x411 + x768 + 1.3381531*(x259 + x259 - x692 - x699 - x699 + x768 - (x685 + x685) - Abs(x327)) - 0.9448933,PySRFunction(X=>-x411 + x768 + 1.3381531*(x259 + x259 - x692 - x699 - x699 + x768 - (x685 + x685) - Abs(x327)) - 0.9448933)
40,29.724394,((((x259 - (x71 / -0.84711695)) + ((x259 - x698) - (x699 - x616))) + x768) + ((x259 - x699) - (((x259 + ((x685 + x771) - x143)) - ((x259 - sqrt(1.9202482)) + (x768 - x699))) + x685))) + x82,0.00029474010720144053,x143 + 3*x259 + x616 - 2*x685 - x698 - 3*x699 + 1.18047454958846*x71 + 2*x768 - x771 + x82 - 1.38573020462138,PySRFunction(X=>x143 + 3*x259 + x616 - 2*x685 - x698 - 3*x699 + 1.18047454958846*x71 + 2*x768 - x771 + x82 - 1.38573020462138)
44,29.63257,((((x259 - (x71 / -0.84711695)) + ((x259 - x698) - x699)) - x616) + (x768 + ((x259 - x699) - (abs(x259 + ((x685 + ((x771 - x143) - ((x259 - sqrt(1.9202482)) + (x768 - x699)))) + x685)) + abs(x401))))) + x82,0.0007734903123540166,3*x259 - x616 - x698 - 2*x699 + 1.18047454958846*x71 + x768 + x82 - Abs(x401) - Abs(-x143 + 2*x685 + x699 - x768 + x771 + 1.38573020462138),PySRFunction(X=>3*x259 - x616 - x698 - 2*x699 + 1.18047454958846*x71 + x768 + x82 - Abs(x401) - Abs(-x143 + 2*x685 + x699 - x768 + x771 + 1.38573020462138))
45,29.632395,((((x259 - (x71 / -0.84711695)) + ((x259 - x698) - x699)) - x616) + (x768 + ((x259 - x699) - (abs(x259 + ((x685 + ((x771 - x143) - ((x259 - sqrt(1.9202482)) + (x768 - x699)))) + x685)) + abs(square(x322)))))) + x82,5.905681375269094e-06,3*x259 - x616 - x698 - 2*x699 + 1.18047454958846*x71 + x768 + x82 - Abs(x322**2) - Abs(-x143 + 2*x685 + x699 - x768 + x771 + 1.38573020462138),PySRFunction(X=>3*x259 - x616 - x698 - 2*x699 + 1.18047454958846*x71 + x768 + x82 - Abs(x322**2) - Abs(-x143 + 2*x685 + x699 - x768 + x771 + 1.38573020462138))
46,29.609337,(((((x259 - (x71 / -0.84711695)) + ((x259 - x698) - x699)) - x616) + (x768 + ((x259 - x699) - (abs(x259 + ((x685 + ((x771 - x143) - ((x259 - sqrt(1.9202482)) + (x768 - x699)))) + x685)) + abs(x401))))) + x82) - x686,0.0007784377797854044,3*x259 - x616 - x686 - x698 - 2*x699 + 1.18047454958846*x71 + x768 + x82 - Abs(x401) - Abs(-x143 + 2*x685 + x699 - x768 + x771 + 1.38573020462138),PySRFunction(X=>3*x259 - x616 - x686 - x698 - 2*x699 + 1.18047454958846*x71 + x768 + x82 - Abs(x401) - Abs(-x143 + 2*x685 + x699 - x768 + x771 + 1.38573020462138))
47,29.594326,((((x259 - (x71 * -0.84711695)) + ((x259 - x698) - x699)) - x616) + (x768 + ((x259 - x699) - (abs(abs(x259 + (x685 + (((x771 - x143) - ((x259 - sqrt(1.9202482)) + (square(x768 + 0.22597775) - x699))) + x685)))) + x401)))) + x82,0.0005070970126179768,3*x259 - x401 - x616 - x698 - 2*x699 + 0.84711695*x71 + x768 + x82 - Abs(-x143 + 2*x685 + x699 + x771 - (x768 + 0.22597775)**2 + 1.38573020462138),PySRFunction(X=>3*x259 - x401 - x616 - x698 - 2*x699 + 0.84711695*x71 + x768 + x82 - Abs(-x143 + 2*x685 + x699 + x771 - (x768 + 0.22597775)**2 + 1.38573020462138))
50,29.584026,(((((x259 - (x71 * -1.8659066)) + ((x259 - x698) - x699)) - x616) + (x768 + ((x259 - x699) - abs(abs(abs(x259 + (x685 + (((x771 - x143) - ((-0.10815186 - sqrt(7.6380024)) + (square(x768 + 1.0013647) - x699))) + x685)))) + x401)))) + x82) + x468,0.00011603342276248801,3*x259 + x468 - x616 - x698 - 2*x699 + 1.8659066*x71 + x768 + x82 - Abs(x401 + Abs(-x143 + x259 + 2*x685 + x699 + x771 - (x768 + 1.0013647)**2 + 2.87184547543569)),PySRFunction(X=>3*x259 + x468 - x616 - x698 - 2*x699 + 1.8659066*x71 + x768 + x82 - Abs(x401 + Abs(-x143 + x259 + 2*x685 + x699 + x771 - (x768 + 1.0013647)**2 + 2.87184547543569)))
52,29.581543,((((((x259 - (x71 * -1.8659066)) + ((x259 - x698) - x699)) - x616) + (x768 + ((x259 - x699) - abs(abs(abs(x259 + (x685 + (((x771 - x143) - ((-0.10815186 - sqrt(7.6380024)) + (square(x768 + 1.0013647) - x699))) + x685)))) + x401)))) + x82) + x468) + x492,4.19669757838142e-05,3*x259 + x468 + x492 - x616 - x698 - 2*x699 + 1.8659066*x71 + x768 + x82 - Abs(x401 + Abs(-x143 + x259 + 2*x685 + x699 + x771 - (x768 + 1.0013647)**2 + 2.87184547543569)),PySRFunction(X=>3*x259 + x468 + x492 - x616 - x698 - 2*x699 + 1.8659066*x71 + x768 + x82 - Abs(x401 + Abs(-x143 + x259 + 2*x685 + x699 + x771 - (x768 + 1.0013647)**2 + 2.87184547543569)))
55,29.568132,((((x259 - (x71 * -1.6132802)) + ((x259 - x698) - x699)) - x616) + (x768 + ((x259 - x699) - (abs((x259 + x685) + ((((x771 - x143) - x699) - (((((x259 - x289) - x698) - x699) - sqrt(2.4285007)) + (square(x768 + 0.35092184) - x699))) + x685)) + abs(x401))))) + x82,0.0001511532704088392,3*x259 - x616 - x698 - 2*x699 + 1.6132802*x71 + x768 + x82 - Abs(x401) - Abs(-x143 + x289 + 2*x685 + x698 + x699 + x771 - (x768 + 0.35092184)**2 + 1.55836475191144),PySRFunction(X=>3*x259 - x616 - x698 - 2*x699 + 1.6132802*x71 + x768 + x82 - Abs(x401) - Abs(-x143 + x289 + 2*x685 + x698 + x699 + x771 - (x768 + 0.35092184)**2 + 1.55836475191144))
56,29.552288,((((x259 - (x71 * -0.84711695)) + ((x259 - x698) - x699)) - x616) + (x768 + ((x259 - x699) - (abs(abs(x259 + (x685 + ((((x771 - x143) - x699) - (((((x259 - -0.11429563) - x698) - x699) - sqrt(1.9202482)) + (square(x768 + 0.22597775) - x699))) + x685)))) + abs(x401))))) + x82,0.0005359907923289911,3*x259 - x616 - x698 - 2*x699 + 0.84711695*x71 + x768 + x82 - Abs(x401) - Abs(-x143 + 2*x685 + x698 + x699 + x771 - (x768 + 0.22597775)**2 + 1.27143457462138),PySRFunction(X=>3*x259 - x616 - x698 - 2*x699 + 0.84711695*x71 + x768 + x82 - Abs(x401) - Abs(-x143 + 2*x685 + x698 + x699 + x771 - (x768 + 0.22597775)**2 + 1.27143457462138))
59,29.539747,(((x259 - (x71 * -0.84711695)) + ((x259 - x698) - x699)) - x616) + ((x768 + ((x259 - x699) - (abs(((x529 + x622) + x259) + (x685 + ((((x771 - x622) - x699) - (((((x259 - -0.11429563) - x698) - x699) - sqrt(1.9202482)) + (square(x768 + 0.22597775) - x699))) + x685))) + abs(x401)))) + x82),0.00014148551140930431,3*x259 - x616 - x698 - 2*x699 + 0.84711695*x71 + x768 + x82 - Abs(x401) - Abs(x529 + 2*x685 + x698 + x699 + x771 - (x768 + 0.22597775)**2 + 1.27143457462138),PySRFunction(X=>3*x259 - x616 - x698 - 2*x699 + 0.84711695*x71 + x768 + x82 - Abs(x401) - Abs(x529 + 2*x685 + x698 + x699 + x771 - (x768 + 0.22597775)**2 + 1.27143457462138))
60,29.534378,((((x259 - (x71 * -0.84711695)) + (x259 - x699)) - x616) + ((x768 + ((x259 - x699) - (abs(abs((x529 + (x622 + x259)) + (x685 + ((((x771 - x622) - x699) - (((((x259 - -0.11429563) - x698) - x699) - sqrt(1.9202482)) + (square(x768 + 0.22597775) - x699))) + x685)))) + abs(x401)))) + x82)) + x160,0.00018177163063460127,x160 + 3*x259 - x616 - 2*x699 + 0.84711695*x71 + x768 + x82 - Abs(x401) - Abs(x529 + 2*x685 + x698 + x699 + x771 - (x768 + 0.22597775)**2 + 1.27143457462138),PySRFunction(X=>x160 + 3*x259 - x616 - 2*x699 + 0.84711695*x71 + x768 + x82 - Abs(x401) - Abs(x529 + 2*x685 + x698 + x699 + x771 - (x768 + 0.22597775)**2 + 1.27143457462138))
62,29.526985,((((x259 - (x71 * -0.84711695)) + (x259 - x699)) - x616) + ((x768 + ((x259 - x699) - (abs(abs((x529 + (x622 + x259)) + (x685 + ((((x771 - x622) - x699) - (((((x259 - (-0.34706697 + x512)) - x698) - x699) - sqrt(1.9202482)) + (square(x768 + 0.22597775) - x699))) + x685)))) + abs(x401)))) + x82)) + x160,0.00012517489714237098,x160 + 3*x259 - x616 - 2*x699 + 0.84711695*x71 + x768 + x82 - Abs(x401) - Abs(x512 + x529 + 2*x685 + x698 + x699 + x771 - (x768 + 0.22597775)**2 + 1.03866323462138),PySRFunction(X=>x160 + 3*x259 - x616 - 2*x699 + 0.84711695*x71 + x768 + x82 - Abs(x401) - Abs(x512 + x529 + 2*x685 + x698 + x699 + x771 - (x768 + 0.22597775)**2 + 1.03866323462138))
150,29.512905,(((x259 - (x71 * -1.3170439)) + ((x259 - x698) - x699)) - x616) + ((x768 + (x259 - x699)) - abs(((x739 + abs((x259 + (((x771 - x622) - x699) - ((((x768 + (((((x768 + (x653 - x699)) - abs((((x529 + x622) + (x259 + abs((((x771 - x622) - x699) - ((((((x259 - -0.51851296) - x698) - x699) - sqrt(x259)) + square(x768 + 1.8076224)) - (x699 + x685))) + x685))) + abs(x401)) + x82)) - x699) - (x699 - abs((abs(x401) + ((x529 + (x622 + x259)) + abs(((x771 - x622) - x699) - (((((((x259 - -0.71419775) - (x698 - x699)) - sqrt(x259)) + square(x768 + 1.4731432)) - x699) + x685) + x260)))) + x82))) - x699)) - 0.76346445) + square((square(x768 + 0.37303385) - (x768 + -0.22835635)) + x685)) + x685))) + -0.09299424)) + abs(x401)) + x82)),5.420064401654529e-06,3*x259 - x616 - x698 - 2*x699 + 1.3170439*x71 + x768 - Abs(x739 + x82 + Abs(x401) + Abs(-x259 + x622 + x653 + x685 - 3*x699 + 2*x768 - x771 + (x685 - x768 + (x768 + 0.37303385)**2 + 0.22835635)**2 - Abs(x259 + x529 + x622 + x82 + Abs(x401) + Abs(sqrt(x259) - x259 - x622 + 2*x685 + x698 + x699 + x771 - (x768 + 1.8076224)**2 - 0.51851296)) + Abs(x259 + x529 + x622 + x82 + Abs(x401) + Abs(-sqrt(x259) + x259 + x260 + x622 + x685 - x698 + x699 - x771 + (x768 + 1.4731432)**2 + 0.71419775)) - 0.67047021)),PySRFunction(X=>3*x259 - x616 - x698 - 2*x699 + 1.3170439*x71 + x768 - Abs(x739 + x82 + Abs(x401) + Abs(-x259 + x622 + x653 + x685 - 3*x699 + 2*x768 - x771 + (x685 - x768 + (x768 + 0.37303385)**2 + 0.22835635)**2 - Abs(x259 + x529 + x622 + x82 + Abs(x401) + Abs(sqrt(x259) - x259 - x622 + 2*x685 + x698 + x699 + x771 - (x768 + 1.8076224)**2 - 0.51851296)) + Abs(x259 + x529 + x622 + x82 + Abs(x401) + Abs(-sqrt(x259) + x259 + x260 + x622 + x685 - x698 + x699 - x771 + (x768 + 1.4731432)**2 + 0.71419775)) - 0.67047021)))
